Feature,Importance
optical_power,0.48470767558021755
vcsel_temp,0.12977641637782952
vcsel_current,0.10433945264508628
cell_temp,0.09827220209852508
magnetic_field,0.09702596047287158
contrast,0.08587829282546985
